ServiceId,description,category,subcategory,tags,features
Asphalt Paving Installation,"Professional asphalt paving installation services ensuring durable and smooth surfaces for driveways, roads, and parking lots, enhancing both functionality and appearance.",Asphalt Paving,Installation,"Driveways
Roads
Parking Lots
Pathways
Ideal For Residential
Commercial
And Industrial Properties
Our Services Are Tailored To Meet The Specific Needs Of Each Client","Our Asphalt Paving Installation service includes site preparation, base installation, asphalt laying, and finishing. We start with a thorough assessment of the site conditions, followed by meticulous preparation and professional application techniques. Our goal is to deliver a finished product that exceeds your expectations in both appearance and durability."
Asphalt Paving Resurfacing,"Quality asphalt resurfacing services to restore and extend the life of your asphalt surfaces, providing a cost-effective solution to maintain your property's aesthetic and structural integrity.",Asphalt Paving,Resurfacing,"Driveways
Roads
Parking Lots
Pathways
Residential Properties
Commercial Properties
Industrial Properties","Our Asphalt Paving Resurfacing service includes surface cleaning, minor repairs, new asphalt layer application, and finishing. We start with a thorough assessment of the site conditions, followed by meticulous preparation and professional application techniques. Our goal is to deliver a finished product that exceeds your expectations in both appearance and durability."
Asphalt Paving Replacement,"Comprehensive asphalt paving replacement services to renew your worn-out surfaces with high-quality materials, ensuring a fresh, durable, and visually appealing result.",Asphalt Paving,Replacement,"Driveways
Roads
Parking Lots
Pathways
Residential Properties
Commercial Properties
Industrial Properties
New Driveway
Parking Lot Resurfacing
Routine Maintenance","Our Asphalt Paving Replacement service includes old asphalt removal, base preparation, new asphalt installation, and finishing. We start with a thorough assessment of the site conditions, followed by meticulous preparation and professional application techniques. Our goal is to deliver a finished product that exceeds your expectations in both appearance and durability."
Asphalt Paving Extension,"Efficient asphalt paving extension services to expand existing paved areas, offering more space and functionality while maintaining a seamless integration with current surfaces.",Asphalt Paving,Extension,"Driveways
Roads
Parking lots
Pathways
Residential properties
Commercial properties
Industrial properties
New driveway
Parking lot resurfacing
Routine maintenance","Our Asphalt Paving Extension service includes surface preparation, base installation, asphalt laying, and finishing. We start with a thorough assessment of the site conditions, followed by meticulous preparation and professional application techniques. Our goal is to deliver a finished product that exceeds your expectations in both appearance and durability."
Sealcoating,"High-quality seal coating services to protect and enhance your asphalt surfaces, extending their lifespan and maintaining their appearance against weather damage and wear.",Sealer,Sealcoating,"Surface cleaning
Sealant application
Drying time
Surface inspection
Regular maintenance
Final inspection
Residential properties
Commercial properties
Industrial properties
New driveway
Parking lot resurfacing
Routine maintenance","Our Seal Coating service includes surface cleaning, sealant application, and finishing. We start with a thorough assessment of the site conditions, followed by meticulous preparation and professional application techniques. Our goal is to deliver a finished product that exceeds your expectations in both appearance and durability."
Asphalt Maintenance,Comprehensive asphalt maintenance services including repairs and regular upkeep to prolong the life and performance of your asphalt surfaces.,Sealer,Asphalt Maintenance,"Regular inspections
Crack sealing
Pothole repair
Seal coating
Surface cleaning
Final inspection
Residential properties
Commercial properties
Industrial properties
New driveway
Parking lot resurfacing
Routine maintenance","Our Asphalt Maintenance service includes inspection, crack sealing, pothole repair, and seal coating. We start with a thorough assessment of the site conditions, followed by meticulous preparation and professional application techniques. Our goal is to deliver a finished product that exceeds your expectations in both appearance and durability."
Crack Filling,"Effective crack filling services to prevent water infiltration and further damage, maintaining the integrity and longevity of your asphalt surfaces.",Sealer,Crack Filling,"Crack cleaning
Filler application
Surface leveling
Drying time
Final inspection
Residential applications
Commercial applications
Industrial applications
Driveways
Retaining walls","Our Crack Filling service includes crack cleaning, filler application, and finishing. Our process begins with a comprehensive site assessment to understand your specific needs, followed by detailed preparation and expert execution. We aim to provide a final product that not only meets but surpasses your expectations in both appearance and durability."
Line Striping,"Professional line striping services to ensure clear, durable markings for parking lots, roads, and other asphalt surfaces, enhancing safety and organization.",Sealer,Line Striping,"Surface cleaning
Line layout
Paint selection
Paint application
Drying time
Final inspection
Residential applications
Commercial applications
Industrial applications
Driveways
Retaining walls","Our Line Striping service includes surface preparation, paint selection, and application. Our process begins with a comprehensive site assessment to understand your specific needs, followed by detailed preparation and expert execution. We aim to provide a final product that not only meets but surpasses your expectations in both appearance and durability."
Pavers Installation,"Expert paver installation services to create beautiful, durable, and functional outdoor spaces, from driveways to patios and walkways.",Pavers,Pavers Installation,"Design consultation
Material sourcing
Surface preparation
Paver placement
Joint filling
Final inspection
Residential applications
Commercial applications
Industrial applications
Driveways
Retaining walls","Our Pavers Installation service includes design consultation, material selection, installation, and finishing. Our process begins with a comprehensive site assessment to understand your specific needs, followed by detailed preparation and expert execution. We aim to provide a final product that not only meets but surpasses your expectations in both appearance and durability."
Paver Maintenance,Comprehensive paver maintenance services to keep your outdoor spaces looking their best and functioning properly.,Pavers,Pavers Maintenance,"Regular inspections
Power washing
Sealant application
Crack repair
Joint replacement
Final inspection
Residential applications
Commercial applications
Industrial applications
Driveways
Retaining walls","Our Pavers Maintenance service includes inspection, cleaning, sealing, and repairs. Our process begins with a comprehensive site assessment to understand your specific needs, followed by detailed preparation and expert execution. We aim to provide a final product that not only meets but surpasses your expectations in both appearance and durability."
Retaining Walls,Professional retaining wall construction services to provide structural support and enhance the landscape of your property.,Pavers,Retaining Walls,"Gardens
Sloped areas
Property borders
Erosion control
Residential applications
Commercial applications
Industrial applications
Driveways
Retaining walls","Our Retaining Wall service includes site assessment, design, material selection, construction, and finishing. Our process begins with a comprehensive site assessment to understand your specific needs, followed by detailed preparation and expert execution. We aim to provide a final product that not only meets but surpasses your expectations in both appearance and durability."
Belgium blocks,Quality Belgium block installation services to add a touch of elegance and durability to your landscaping projects.,Pavers,Belgium blocks,"Design planning
Material sourcing
Surface preparation
Block placement
Joint filling
Final inspection
Residential applications
Commercial applications
Industrial applications
Driveways
Retaining walls","Our Belgium Blocks service includes design consultation, material selection, installation, and finishing. Our process begins with a comprehensive site assessment to understand your specific needs, followed by detailed preparation and expert execution. We aim to provide a final product that not only meets but surpasses your expectations in both appearance and durability."
Walkways,"Expert walkway installation services to create safe, attractive, and durable paths in your outdoor spaces.",Concrete,Walkways,"Site evaluation
Design planning
Material sourcing
Construction
Surface finishing
Final inspection
Residential applications
Commercial applications
Industrial applications
Walkways
Topsoil application","Our Walkways service includes design consultation, material selection, construction, and finishing. Our process begins with a comprehensive site evaluation to understand your specific needs, followed by meticulous preparation and professional installation. We aim to provide a final product that not only meets but surpasses your expectations in both appearance and durability."
Sidewalks,"High-quality sidewalk installation services to ensure safe and durable pedestrian pathways, enhancing the accessibility and appearance of your property.",Concrete,Sidewalks,"Site evaluation
Excavation
Material sourcing
Installation
Repairs
Final inspection
Residential applications
Commercial applications
Industrial applications
Walkways
Topsoil application","Our Sidewalks service includes site preparation, material selection, installation, and repairs. Our process begins with a comprehensive site evaluation to understand your specific needs, followed by meticulous preparation and professional installation. We aim to provide a final product that not only meets but surpasses your expectations in both appearance and durability."
Curbs,"Professional curb installation services to create a defined edge for roads and parking lots, improving the overall appearance and functionality.",Concrete,Curbs,"Road edges
Parking lots
Walkways
Driveways
Residential applications
Commercial applications
Industrial applications
Topsoil application","Our Curb Installation service includes site preparation, precise curb setting, material selection, and finishing. Our process begins with a comprehensive site evaluation to understand your specific needs, followed by meticulous preparation and professional installation. We aim to provide a final product that not only meets but surpasses your expectations in both appearance and durability."
Aprons,"Durable apron installation services to provide a smooth transition between your driveway and the road, ensuring easy access and a neat appearance.",Concrete,Aprons,"Driveway transitions
Walkway entries
Garage entrances
Road connections
Residential applications
Commercial applications
Industrial applications
Topsoil application
Walkways","Our Apron Installation service includes site preparation, material selection, precise laying, and finishing. Our process begins with a comprehensive site evaluation to understand your specific needs, followed by meticulous preparation and professional installation. We aim to provide a final product that not only meets but surpasses your expectations in both appearance and durability."
Sod Installation,"High-quality sod installation services to create lush, green lawns quickly and efficiently, enhancing the beauty of your outdoor spaces.",Landscaping,Sod Installation,"Lawns
Gardens
Recreational areas
Commercial landscapes
Residential applications
Commercial applications
Industrial applications
Topsoil application
Walkways","Our Sod Installation service includes soil preparation, sod selection, installation, and initial watering and care instructions. Our process begins with a comprehensive site evaluation to understand your specific needs, followed by meticulous preparation and professional installation. We aim to provide a final product that not only meets but surpasses your expectations in both appearance and durability."
Top Soil,High-quality topsoil delivery and spreading services to enrich your garden and landscaping projects.,Landscaping,Top Soil,"Gardens
Lawns
Flower beds
Landscaping projects
Residential applications
Commercial applications
Industrial applications
Topsoil application
Walkways","Our Top Soil service includes soil delivery, site preparation, spreading, and leveling. Our process begins with a comprehensive site evaluation to understand your specific needs, followed by meticulous preparation and professional installation. We aim to provide a final product that not only meets but surpasses your expectations in both appearance and durability."
Seed Grass,"Expert grass seeding services to establish a healthy, green lawn from scratch, ensuring proper growth and coverage.",Landscaping,Seed Grass,"Lawns
Gardens
Parks
Sports fields
Residential applications
Commercial applications
Industrial applications
Grass seeding
Winter services","Our Seed Grass service includes soil preparation, seed selection, sowing, and initial watering and care instructions. Our process begins with a thorough site evaluation to understand your specific needs, followed by meticulous preparation and professional execution. We aim to provide a final product that not only meets but surpasses your expectations in both appearance and durability."
Gutters,"Professional drainage solutions to manage water runoff and prevent water damage, maintaining the health and stability of your property.",Landscaping,Gutters,"Residential roofs
Commercial roofs
Building perimeters
Drainage systems
Residential applications
Commercial applications
Industrial applications
Grass seeding
Winter services","Our Gutter service includes gutter installation, regular cleaning, repairs, and inspection. Our process begins with a thorough site evaluation to understand your specific needs, followed by meticulous preparation and professional execution. We aim to provide a final product that not only meets but surpasses your expectations in both appearance and durability."
Drainage,Professional gutter installation and maintenance services to protect your property from water damage and improve drainage.,Landscaping,Drainage,"Site evaluation
Drainage system design
Installation
Regular maintenance
Flood prevention
Final inspection
Residential applications
Commercial applications
Industrial applications
Grass seeding
Winter services","Our Drainage service includes site assessment, system design, installation, and maintenance. Our process begins with a thorough site evaluation to understand your specific needs, followed by meticulous preparation and professional execution. We aim to provide a final product that not only meets but surpasses your expectations in both appearance and durability."
Power Wash,"High-quality power washing services to clean and restore the appearance of your exterior surfaces, removing dirt, grime, and stains.",Landscaping,Power Wash,"Surface assessment
High-pressure washing
Mold and mildew removal
Stain treatment
Final inspection
Residential applications
Commercial applications
Industrial applications
Grass seeding
Winter services","Our Power Washing service includes surface assessment, high-pressure cleaning, and post-cleaning inspection. Our process begins with a thorough site evaluation to understand your specific needs, followed by meticulous preparation and professional execution. We aim to provide a final product that not only meets but surpasses your expectations in both appearance and durability."
Hauling,"Efficient hauling services to remove debris and unwanted materials from your property, ensuring a clean and tidy environment.",Landscaping,Hauling,"Debris removal
Yard waste disposal
Recycling services
Clean-up
Flexible scheduling
Final inspection
Residential applications
Commercial applications
Industrial applications
Grass seeding
Winter services","Our Hauling service includes debris removal, yard waste disposal, recycling, and clean-up. Our process begins with a thorough site evaluation to understand your specific needs, followed by meticulous preparation and professional execution. We aim to provide a final product that not only meets but surpasses your expectations in both appearance and durability."
Winter Services,Reliable winter services including snow removal and ice management to keep your property safe and accessible during the winter months.,Landscaping,Winter Services,"Snow plowing
Salting
De-icing
Emergency snow removal
Ice management
Final inspection
Residential applications
Commercial applications
Industrial applications","Our Winter Services include snow plowing, salting, de-icing, and emergency snow removal. Our process begins with a thorough site evaluation to understand your specific needs, followed by meticulous preparation and professional execution. We aim to provide a final product that not only meets but surpasses your expectations in both appearance and durability."
,,,,.,